"","THETA_METAB_CL","THETA_DUR","THETA_VC","THETA_VP","THETA_Q","THETA_CL","THETA_PROP_RUV","OMEGA_DUR","OMEGA_VC","OMEGA_CL"
"THETA_METAB_CL",0.00295827,-9.86524e-05,-0.000517298,-7.33534e-05,-5.90063e-05,-0.00127809,0.000122355,-1.54244e-05,2.23543e-05,9.18049e-05
"THETA_DUR",-9.86524e-05,0.000477248,-0.000174034,-0.000155417,9.26198e-05,3.46371e-05,-1.92511e-06,-6.40555e-06,1.20548e-05,-2.47132e-05
"THETA_VC",-0.000517298,-0.000174034,0.00101622,0.000289847,-1.0913e-05,0.000206714,5.1181e-05,1.06673e-05,3.52077e-05,-5.28299e-05
"THETA_VP",-7.33534e-05,-0.000155417,0.000289847,0.000997529,0.00019192,3.18509e-05,-8.01902e-05,4.11079e-06,4.72551e-06,-1.20489e-05
"THETA_Q",-5.90063e-05,9.26198e-05,-1.0913e-05,0.00019192,0.000413398,7.87404e-05,-6.96885e-06,-7.46697e-06,-2.89446e-05,-2.1478e-05
"THETA_CL",-0.00127809,3.46371e-05,0.000206714,3.18509e-05,7.87404e-05,0.00128308,-0.000123587,3.15788e-05,-7.17742e-05,-0.000111538
"THETA_PROP_RUV",0.000122355,-1.92511e-06,5.1181e-05,-8.01902e-05,-6.96885e-06,-0.000123587,0.000346951,-2.50208e-05,2.94451e-07,5.56855e-06
"OMEGA_DUR",-1.54244e-05,-6.40555e-06,1.06673e-05,4.11079e-06,-7.46697e-06,3.15788e-05,-2.50208e-05,1.98254e-05,3.44769e-06,-4.04849e-06
"OMEGA_VC",2.23543e-05,1.20548e-05,3.52077e-05,4.72551e-06,-2.89446e-05,-7.17742e-05,2.94451e-07,3.44769e-06,8.77649e-05,1.00507e-05
"OMEGA_CL",9.18049e-05,-2.47132e-05,-5.28299e-05,-1.20489e-05,-2.1478e-05,-0.000111538,5.56855e-06,-4.04849e-06,1.00507e-05,6.89428e-05
